focal_resource,Exposure,Sensitivity,Recovery_Potential,Ecological_Vulnerability
1,0.9375,0.08333333333333333,0.35000000000000003,0.6708333333333332
2,0.9107142857142857,0.4642857142857143,0.4166666666666667,0.9583333333333333
3,0.8958333333333334,0.38888888888888884,0.375,0.9097222222222223
4,1.0,1.0,0.5,1.5
6,0.90625,0.875,0.4375,1.34375
7,1.0,0.0,0.4166666666666667,0.5833333333333333
10,1.0,0.0,0.6666666666666666,0.33333333333333337
11,1.0,0.0,0.3333333333333333,0.6666666666666667
50,0.9479166666666666,0.6527777777777777,0.30808080808080807,1.2926136363636362
52,1.0,0.0,0.3333333333333333,0.6666666666666667
53,1.0,0.25,0.625,0.625
54,1.0,0.16666666666666666,0.3333333333333333,0.8333333333333335
55,1.0,1.0,0.5,1.5
56,0.9479166666666666,0.5138888888888888,0.2569444444444444,1.204861111111111
60,0.95,0.6166666666666667,0.4000000000000001,1.1666666666666665
61,1.0,0.6388888888888888,0.38888888888888884,1.25
63,0.90625,0.375,0.3333333333333333,0.9479166666666667
64,1.0,0.0,0.6666666666666666,0.33333333333333337
68,1.0,0.0,0.4444444444444445,0.5555555555555556
69,1.0,0.25,0.3333333333333333,0.9166666666666667
70,1.0,0.0,0.16666666666666666,0.8333333333333334
71,1.0,0.5,0.3333333333333333,1.1666666666666667
74,1.0,0.0,0.3333333333333333,0.6666666666666667
78,0.875,0.2833333333333333,0.20833333333333334,0.9499999999999998
