pract_cat,Assets,Organization,Flexibility,Agency,Adaptive_Capacity
fish,0.3452456698436393,0.8715277777777778,0.609375,0.53125,3.047271132806602
glean,0.2583336583305521,0.7430555555555555,0.7916666666666666,0.3958333333333333,2.6907410657379596
shrimp_net,0.2768616153264284,0.6805555555555555,0.53125,0.25,2.2976370782893913
